{"cameraMode":{"drawMode":0,"name":"Shaded","section":"Shading Mode"},"sceneLighting":true,"audioPlay":false,"sceneViewState":{"m_AlwaysRefresh":false,"showFog":true,"showSkybox":true,"showFlares":true,"showImageEffects":true,"showParticleSystems":true,"showVisualEffectGraphs":true,"m_FxEnabled":true},"in2DMode":false,"pivot":{"x":17.911502838134767,"y":-31.219478607177736,"z":36.38444900512695},"rotation":{"x":0.17198067903518678,"y":0.17980849742889405,"z":-0.03189648687839508,"w":0.96807861328125},"size":31.604169845581056,"orthographic":false}