{"cameraMode":{"drawMode":0,"name":"Shaded","section":"Shading Mode"},"sceneLighting":true,"audioPlay":false,"sceneViewState":{"m_AlwaysRefresh":false,"showFog":true,"showSkybox":true,"showFlares":true,"showImageEffects":true,"showParticleSystems":true,"showVisualEffectGraphs":true,"m_FxEnabled":true},"in2DMode":false,"pivot":{"x":58.18523025512695,"y":-17.353479385375978,"z":-12.782822608947754},"rotation":{"x":-0.017372986301779748,"y":0.9527381062507629,"z":-0.2981750965118408,"w":-0.05551117658615112},"size":50.413551330566409,"orthographic":false}